year,movie,reddit_link,reddit_submission,nominated,genre
2021,Spiderman No Way Home,https://www.reddit.com/r/movies/comments/ri7eum/official_discussion_spiderman_no_way_home_spoilers/,ri7eum,0,Action
2021,In the Heights,https://www.reddit.com/r/movies/comments/nx3jdq/official_discussion_in_the_heights_spoilers/,nx3jdq,0,Musical
2021,Summer of Soul,https://www.reddit.com/r/movies/comments/ocet2k/official_discussion_summer_of_soul_spoilers/,ocet2k,0,Documentary
2021,Pig,https://www.reddit.com/r/movies/comments/om7s20/official_discussion_pig_spoilers/,om7s20,0,Drama
2021,The Power of the Dog,https://www.reddit.com/r/movies/comments/r8fya7/official_discussion_the_power_of_the_dog_spoilers/,r8fya7,1,Drama
2021,Coda,https://www.reddit.com/r/movies/comments/p3ztri/official_discussion_coda_spoilers/,p3ztri,1,Drama
2021,Raya and the Last Dragon,https://www.reddit.com/r/movies/comments/lyj52m/official_discussion_raya_and_the_last_dragon/,lyj52m,0,Animation
2021,West Side Story,https://www.reddit.com/r/movies/comments/rcyr5c/official_discussion_west_side_story_2021_spoilers/,rcyr5c,1,Musical
2021,Quiet Place Part 2,https://www.reddit.com/r/movies/comments/nmnxqu/official_discussion_a_quiet_place_part_ii/,nmnxqu,0,Horror
2021,Mitchells vs the Machines,https://www.reddit.com/r/movies/comments/n1yicn/official_discussion_the_mitchells_vs_the_machines/,n1yicn,0,Animation
2021,The Suicide Squad,https://www.reddit.com/r/movies/comments/oyxaam/official_discussion_the_suicide_squad_spoilers/,oyxaam,0,Action
2021,Shang Chi,https://www.reddit.com/r/movies/comments/pgw0wk/official_discussion_shangchi_and_the_legend_of/,pgw0wk,0,Action
2021,Shiva Baby,https://www.reddit.com/r/movies/comments/mnwmd5/official_discussion_shiva_baby_spoilers/,mnwmd5,0,Comedy
2021,The Velvet Underground,https://www.reddit.com/r/movies/comments/q8xhtg/the_velvet_underground_discussion/,q8xhtg,0,Documentary
2021,Luca,https://www.reddit.com/r/movies/comments/o34eyh/official_discussion_luca_spoilers/,o34eyh,0,Animation
2021,Drive My Car,https://www.reddit.com/r/movies/comments/t68wqu/official_discussion_drive_my_car_spoilers/,t68wqu,1,Drama
2021,Dune,https://www.reddit.com/r/movies/comments/qd6vqv/official_discussion_dune_spoilers/,qd6vqv,1,Action
2021,No Time to Die,https://www.reddit.com/r/movies/comments/q3nxx2/official_discussion_no_time_to_die_spoilers/,q3nxx2,0,Action
2021,The Black Phone,https://www.reddit.com/r/movies/comments/vjd5ge/official_discussion_the_black_phone_spoilers/,vjd5ge,0,Horror
2021,Sing 2,https://www.reddit.com/r/movies/comments/rmf0do/official_discussion_sing_2_spoilers/,rmf0do,0,Animation
2021,Licorice Pizza,https://www.reddit.com/r/movies/comments/ro10uh/official_discussion_licorice_pizza_spoilers/,ro10uh,1,Comedy
2021,Ghostbusters: Afterlife,https://www.reddit.com/r/movies/comments/qx6sxk/official_discussion_ghostbusters_afterlife/,qx6sxk,0,Adventure
2021,Last Night in Soho,https://www.reddit.com/r/movies/comments/qi2dn4/official_discussion_last_night_in_soho_spoilers/,qi2dn4,0,Drama
2021,Don't Look Up,https://www.reddit.com/r/movies/comments/rcyqse/official_discussion_dont_look_up_spoilers/,rcyqse,1,Comedy
2021,Eternals,https://www.reddit.com/r/movies/comments/qn0q4y/official_discussion_eternals_spoilers/,qn0q4y,0,Action
2021,Encanto,https://www.reddit.com/r/movies/comments/r0uwz0/official_discussion_encanto_spoilers/,r0uwz0,0,Animation
2021,Nobody,https://www.reddit.com/r/movies/comments/me3za3/official_discussion_nobody_spoilers/,me3za3,0,Action
2021,The King's Man,https://www.reddit.com/r/movies/comments/rlvtls/official_discussion_the_kings_man_spoilers/,rlvtls,0,Action
2021,Free Guy,https://www.reddit.com/r/movies/comments/p3ebrt/official_discussion_free_guy_spoilers/,p3ebrt,0,Action
2021,House of Gucci,https://www.reddit.com/r/movies/comments/r0uxbw/official_discussion_house_of_gucci_spoilers/,r0uxbw,0,Biography
2021,Belfast,https://www.reddit.com/r/movies/comments/qs2ai3/official_discussion_belfast_spoilers/,qs2ai3,1,Drama
2021,King Richard,https://www.reddit.com/r/movies/comments/qxv3pk/official_discussion_king_richard_spoilers/,qxv3pk,1,Drama
2021,Nightmare Alley,https://www.reddit.com/r/movies/comments/ri7edd/official_discussion_nightmare_alley_spoilers/,ri7edd,1,Thriller
2020,Nomadland,https://www.reddit.com/r/movies/comments/lnwuxa/official_discussion_nomadland_spoilers/,lnwuxa,1,Drama
2020,The Father,https://www.reddit.com/r/movies/comments/miz3m9/official_discussion_the_father_spoilers/,miz3m9,1,Drama
2020,Judas and the Black Messiah,https://www.reddit.com/r/movies/comments/lj1cfb/official_discussion_judas_and_the_black_messiah/,lj1cfb,1,Drama
2020,Mank,https://www.reddit.com/r/movies/comments/k6zxdq/official_discussion_mank_spoilers/,k6zxdq,1,Drama
2020,Minari,https://www.reddit.com/r/movies/comments/lnwli1/official_discussion_minari_spoilers/,lnwli1,1,Drama
2020,Promising Young Woman,https://www.reddit.com/r/movies/comments/kkbeha/official_discussion_promising_young_woman_spoilers/,kkbeha,1,Thriller
2020,Sound of Metal,https://www.reddit.com/r/movies/comments/k6zkca/official_discussion_sound_of_metal_spoilers/,k6zkca,1,Drama
2020,The Trial of the Chicago 7,https://www.reddit.com/r/movies/comments/jcmq8s/official_discussion_the_trial_of_the_chicago_7/,jcmq8s,1,Drama
2020,Portrait of a Lady on Fire,https://www.reddit.com/r/movies/comments/fafzx3/official_discussion_portrait_of_a_lady_on_fire/,fafzx3,0,Romance
2020,One Night in Miami,https://www.reddit.com/r/movies/comments/ky96b8/official_discussion_one_night_in_miami_spoilers/,ky96b8,0,Drama
2020,Ma Rainey's Black Bottom,https://www.reddit.com/r/movies/comments/kg0hya/official_discussion_ma_raineys_black_bottom/,kg0hya,0,Drama
2020,Soul,https://www.reddit.com/r/movies/comments/kkbd5s/official_discussion_soul_spoilers/,kkbd5s,0,Animation
2020,The Invisible Man,https://www.reddit.com/r/movies/comments/fafwsf/official_discussion_the_invisible_man_2020/,fafwsf,0,Horror
2020,Never Rarely Sometimes Always,https://www.reddit.com/r/movies/comments/fyk6mu/official_discussion_never_rarely_sometimes_always/,fyk6mu,0,Drama
2020,Hamilton,https://www.reddit.com/r/movies/comments/hkm7e5/official_discussion_hamilton_2020_spoilers/,hkm7e5,0,Drama
2020,Wolfwalkers,https://www.reddit.com/r/movies/comments/kcpmno/official_discussion_wolfwalkers_spoilers/,kcpmno,0,Animation
2020,Da 5 Bloods,https://www.reddit.com/r/movies/comments/h7ailm/official_discussion_da_5_bloods_spoilers/,h7ailm,0,Drama
2020,His House,https://www.reddit.com/r/movies/comments/jo6x9h/his_house_2020_discussion/,jo6x9h,0,Horror
2020,Crip Camp,https://www.reddit.com/r/movies/comments/fp1e49/discussion_crip_camp_2020_netflix_documentary/,fp1e49,0,Documentary
2020,Palm Springs,https://www.reddit.com/r/movies/comments/hontcw/official_discussion_palm_springs_spoilers/,hontcw,0,Sci-Fi
2020,David Byrne's American Utopia,https://www.reddit.com/r/movies/comments/jdshnp/official_discussion_david_byrnes_american_utopia/,jdshnp,0,Musical
2020,Enola Holmes,https://www.reddit.com/r/movies/comments/iyme06/official_discussion_enola_holmes_spoilers/,iyme06,0,Mystery
2020,Tenet,https://www.reddit.com/r/movies/comments/im7etj/official_discussion_tenet_us_release_spoilers/,im7etj,0,Action
2020,The French Dispatch,https://www.reddit.com/r/movies/comments/qi2eao/official_discussion_the_french_dispatch_spoilers/,qi2eao,0,Comedy
2020,365 Days,https://www.reddit.com/r/movies/comments/hgwejg/official_discussion_365_days_spoilers/,hgwejg,0,Drama
2020,Underwater,https://www.reddit.com/r/movies/comments/emii5v/official_discussion_underwater_spoilers/,emii5v,0,Action
2020,The Babysitter: Killer Queen,https://www.reddit.com/r/movies/comments/ir4o2y/official_discussion_the_babysitter_killer_queen/,ir4o2y,0,Comedy
2020,The Forgotten Battle,https://www.reddit.com/r/movies/comments/yb456c/the_forgotten_battle_on_netflix/,yb456c,0,Drama
2020,Another Round,https://www.reddit.com/r/movies/comments/kg0k8n/official_discussion_another_round_spoilers/,kg0k8n,0,Comedy
2020,I'm Thinking of Ending Things,https://www.reddit.com/r/movies/comments/imqf5b/official_discussion_im_thinking_of_ending_things/,imqf5b,0,Drama
2020,The Christmas Chronicles Part 2,https://www.reddit.com/r/movies/comments/k2cra9/official_discussion_the_christmas_chronicles_2/,k2cra9,0,Animiation
2020,Happiest Season,https://www.reddit.com/r/movies/comments/k2ctta/official_discussion_happiest_season_spoilers/,k2ctta,0,Drama
2020,Pieces of a Woman,https://www.reddit.com/r/movies/comments/ky931c/official_discussion_pieces_of_a_woman_spoilers/,ky931c,0,Drama
2019,Parasite,https://www.reddit.com/r/movies/comments/dps3xy/official_discussion_parasite_spoilers/,dps3xy,1,Thriller
,Ford v Ferrari,https://www.reddit.com/r/movies/comments/dvu5es/official_discussion_ford_v_ferrari_spoilers/,dvu5es,1,Drama
,The Irishman,https://www.reddit.com/r/movies/comments/e2149d/official_discussion_the_irishman_spoilers/,e2149d,1,Drama
,Jojo Rabbit,https://www.reddit.com/r/movies/comments/dpqt2y/official_discussion_jojo_rabbit_spoilers/,dpqt2y,1,Comedy
,Joker,https://www.reddit.com/r/movies/comments/dd0ynj/official_discussion_joker_spoilers/,dd0ynj,1,Thriller
,Little Women,https://www.reddit.com/r/movies/comments/ef4z7u/official_discussion_little_women_2019_spoilers/,ef4z7u,1,Drama
,Marriage Story,https://www.reddit.com/r/movies/comments/e6l8bc/official_discussion_marriage_story_spoilers/,e6l8bc,1,Romance
,1917,https://www.reddit.com/r/movies/comments/emi5z3/official_discussion_1917_spoilers/,emi5z3,1,Drama
,Once Upon a Time in Hollywood,https://www.reddit.com/r/movies/comments/chmknk/official_discussion_once_upon_a_time_in_hollywood/,chmknk,1,Drama
,Avengers: Endgame,https://www.reddit.com/r/movies/comments/bh8iei/official_discussion_avengers_endgame_spoilers/,bh8iei,0,Action
,Us,https://www.reddit.com/r/movies/comments/b3r0xq/official_discussion_us_spoilers/,b3r0xq,0,Horror
,Toy Story 4,https://www.reddit.com/r/movies/comments/c2ntqo/official_discussion_toy_story_4_spoilers/,c2ntqo,0,Animation
,Knives Out,https://www.reddit.com/r/movies/comments/e21a17/official_discussion_knives_out_spoilers/,e21a17,0,Mystery
,Booksmart,https://www.reddit.com/r/movies/comments/bs6w7x/official_discussion_booksmart_spoilers/,bs6w7x,0,Comedy
,The Farewell,https://www.reddit.com/r/movies/comments/ckwhml/official_discussion_the_farewell_spoilers/,ckwhml,0,Drama
,Spiderman: Far From Home,https://www.reddit.com/r/movies/comments/c7xhmz/official_discussion_spiderman_far_from_home/,c7xhmz,0,Action
,Shazam!,https://www.reddit.com/r/movies/comments/b94c5i/official_discussion_shazam_spoilers/,b94c5i,0,Action
,Pain and Glory,https://www.reddit.com/r/movies/comments/et2w68/pain_and_glory/,et2w68,0,Drama
,Apollo 11,https://www.reddit.com/r/movies/comments/ayhuw3/official_discussion_apollo_11_2019_spoilers/,ayhuw3,0,Documentary
,They Shall Not Grow Old,https://www.reddit.com/r/movies/comments/a5yk8k/official_discussion_they_shall_not_grow_old_us/,a5yk8k,0,Documentary
,Dolemite is My Name,https://www.reddit.com/r/movies/comments/dmicfu/official_discussion_dolemite_is_my_name_spoilers/,dmicfu,0,Drama
,Ash is Purest White,https://www.reddit.com/r/movies/comments/d4iawv/ash_is_purest_white/,d4iawv,0,Drama
,Midsommar,https://www.reddit.com/r/movies/comments/c7y18a/official_discussion_midsommar_spoilers/,c7y18a,0,Horror
,The Gentlemen,https://www.reddit.com/r/movies/comments/esvjmz/official_discussion_the_gentlemen_spoilers/,esvjmz,0,Action
,Last Christmas,https://www.reddit.com/r/movies/comments/dt0v6z/official_discussion_last_christmas_spoilers/,dt0v6z,0,Comedy
,Rocketman,https://www.reddit.com/r/movies/comments/bumz7b/official_discussion_rocketman_spoilers/,bumz7b,0,Biography
,Alita: Battle Angel,https://www.reddit.com/r/movies/comments/aoc6mr/official_discussion_alita_battle_angel_spoilers/,aoc6mr,0,Action
,Klaus,https://www.reddit.com/r/movies/comments/dws9et/official_discussion_klaus_spoilers/,dws9et,0,Animation
,Uncut Gems,https://www.reddit.com/r/movies/comments/ef4qsw/official_discussion_uncut_gems_spoilers/,ef4qsw,0,Crime
,After,https://www.reddit.com/r/movies/comments/bc0mfw/official_discussion_after_spoilers/,bc0mfw,0,Drama